<?xml version="1.0"?>
<doc>
    <assembly>
        <name>Intuit.Ipp.QueryFilter</name>
    </assembly>
    <members>
        <member name="T:Intuit.Ipp.QueryFilter.NamespaceDoc">
            <summary>
            Intuit.Ipp.QueryFilter has classes related to query filters. 
            It has classes: ExpressionVisitor class: used to visit the different types 
            of expressions, QueryService class: used to execute the IDS queries and return appropriate responses, StringExtensions class: has extension methods for string data type.
            </summary>
        </member>
        <member name="T:Intuit.Ipp.QueryFilter.ExpressionVisitor">
            <summary>
            Contains methods used to parse the expression tree.
            </summary>
        </member>
        <member name="M:Intuit.Ipp.QueryFilter.ExpressionVisitor.Visit(Intuit.Ipp.LinqExtender.Ast.Expression)">
            <summary>
            Visits the root expression node.
            </summary>
            <param name="expression">The root expression.</param>
            <returns>The LinqExtender expression class.</returns>
        </member>
        <member name="M:Intuit.Ipp.QueryFilter.ExpressionVisitor.VisitSelectCallExpression(Intuit.Ipp.LinqExtender.Ast.SelectExpression)">
            <summary>
            Visit Select Call expression.
            </summary>
            <param name="selectExpression">Select expression.</param>
            <returns>The LinqExtender Expression.</returns>
        </member>
        <member name="M:Intuit.Ipp.QueryFilter.ExpressionVisitor.VisitTypeExpression(Intuit.Ipp.LinqExtender.Ast.TypeExpression)">
            <summary>
            Visit Type Expression.
            </summary>
            <param name="typeExpression">Type expression.</param>
            <returns>The LinqExtender Expression.</returns>
        </member>
        <member name="M:Intuit.Ipp.QueryFilter.ExpressionVisitor.VisitBlockExpression(Intuit.Ipp.LinqExtender.Ast.BlockExpression)">
            <summary>
            Visit Block Expression.
            </summary>
            <param name="blockExpression">Block expression.</param>
            <returns>The LinqExtender Expression.</returns>
        </member>
        <member name="M:Intuit.Ipp.QueryFilter.ExpressionVisitor.VisitMethodCallExpression(Intuit.Ipp.LinqExtender.Ast.MethodCallExpression)">
            <summary>
            Visit MethodCall Expression.
            </summary>
            <param name="methodCallExpression">MethodCall expression.</param>
            <returns>The LinqExtender Expression.</returns>
        </member>
        <member name="M:Intuit.Ipp.QueryFilter.ExpressionVisitor.VisitLogicalExpression(Intuit.Ipp.LinqExtender.Ast.LogicalExpression)">
            <summary>
            Visit Logical Expression.
            </summary>
            <param name="expression">Logical expression.</param>
            <returns>The LinqExtender Expression.</returns>
        </member>
        <member name="M:Intuit.Ipp.QueryFilter.ExpressionVisitor.VisitLambdaExpression(Intuit.Ipp.LinqExtender.Ast.LambdaExpression)">
            <summary>
            Visit Lambda Expression.
            </summary>
            <param name="expression">Lambda expression.</param>
            <returns>The LinqExtender Expression.</returns>
        </member>
        <member name="M:Intuit.Ipp.QueryFilter.ExpressionVisitor.VisitBinaryExpression(Intuit.Ipp.LinqExtender.Ast.BinaryExpression)">
            <summary>
            Visit Binary Expression.
            </summary>
            <param name="expression">Binary expression.</param>
            <returns>The LinqExtender Expression.</returns>
        </member>
        <member name="M:Intuit.Ipp.QueryFilter.ExpressionVisitor.VisitMemberExpression(Intuit.Ipp.LinqExtender.Ast.MemberExpression)">
            <summary>
            Visit Member Expression.
            </summary>
            <param name="expression">Member expression.</param>
            <returns>The LinqExtender Expression.</returns>
        </member>
        <member name="M:Intuit.Ipp.QueryFilter.ExpressionVisitor.VisitLiteralExpression(Intuit.Ipp.LinqExtender.Ast.LiteralExpression)">
            <summary>
            Visit Literal Expression.
            </summary>
            <param name="expression">Literal expression.</param>
            <returns>The LinqExtender Expression.</returns>
        </member>
        <member name="M:Intuit.Ipp.QueryFilter.ExpressionVisitor.VisitOrderbyExpression(Intuit.Ipp.LinqExtender.Ast.OrderbyExpression)">
            <summary>
            Visit OrderBy Expression.
            </summary>
            <param name="expression">OrderBy expression.</param>
            <returns>The LinqExtender Expression.</returns>
        </member>
        <member name="T:Intuit.Ipp.QueryFilter.Properties.Resources">
            <summary>
              A strongly-typed resource class, for looking up localized strings, etc.
            </summary>
        </member>
        <member name="P:Intuit.Ipp.QueryFilter.Properties.Resources.ResourceManager">
            <summary>
              Returns the cached ResourceManager instance used by this class.
            </summary>
        </member>
        <member name="P:Intuit.Ipp.QueryFilter.Properties.Resources.Culture">
            <summary>
              Overrides the current thread's CurrentUICulture property for all
              resource lookups using this strongly typed resource class.
            </summary>
        </member>
        <member name="P:Intuit.Ipp.QueryFilter.Properties.Resources.CommunicationErrorMessage">
            <summary>
              Looks up a localized string similar to There was an error while communicating with the Ids Server..
            </summary>
        </member>
        <member name="P:Intuit.Ipp.QueryFilter.Properties.Resources.ExceptionGeneratedMessage">
            <summary>
              Looks up a localized string similar to Exception has been generated: {0}..
            </summary>
        </member>
        <member name="P:Intuit.Ipp.QueryFilter.Properties.Resources.ResponseStreamNullOrEmptyMessage">
            <summary>
              Looks up a localized string similar to The Response Stream was null or empty..
            </summary>
        </member>
        <member name="T:Intuit.Ipp.QueryFilter.QueryOperationType">
            <summary>
            Contains enumeration value for Query Operation Type.
            </summary>
        </member>
        <member name="F:Intuit.Ipp.QueryFilter.QueryOperationType.query">
            <summary>
            Entity query.
            </summary>
        </member>
        <member name="F:Intuit.Ipp.QueryFilter.QueryOperationType.report">
            <summary>
            Report query.
            </summary>
        </member>
        <member name="F:Intuit.Ipp.QueryFilter.QueryOperationType.changedata">
            <summary>
            Change Data query.
            </summary>
        </member>
        <member name="T:Intuit.Ipp.QueryFilter.QueryService`1">
            <summary>
            Contains methods used to parse the expression tree and execute the query generated and return the result.
            </summary>
            <typeparam name="T">The type of the entity.</typeparam>
        </member>
        <member name="F:Intuit.Ipp.QueryFilter.QueryService`1.queryBuilder">
            <summary>
            Query string builder.
            </summary>
        </member>
        <member name="F:Intuit.Ipp.QueryFilter.QueryService`1.selectBuilder">
            <summary>
            Select string builder.
            </summary>
        </member>
        <member name="F:Intuit.Ipp.QueryFilter.QueryService`1.countBuilder">
            <summary>
            Count string builder.
            </summary>
        </member>
        <member name="F:Intuit.Ipp.QueryFilter.QueryService`1.orderByBuilder">
            <summary>
            OrderBy string builder.
            </summary>
        </member>
        <member name="F:Intuit.Ipp.QueryFilter.QueryService`1.whereBuilder">
            <summary>
            Where string builder.
            </summary>
        </member>
        <member name="F:Intuit.Ipp.QueryFilter.QueryService`1.fromBuilder">
            <summary>
            From string builder.
            </summary>
        </member>
        <member name="F:Intuit.Ipp.QueryFilter.QueryService`1.pageBuilder">
            <summary>
            Pagination string builder.
            </summary>
        </member>
        <member name="F:Intuit.Ipp.QueryFilter.QueryService`1.serviceContext">
            <summary>
            Service Context.
            </summary>
        </member>
        <member name="F:Intuit.Ipp.QueryFilter.QueryService`1.operationType">
            <summary>
            Operation Type.
            </summary>
        </member>
        <member name="F:Intuit.Ipp.QueryFilter.QueryService`1.restHandler">
            <summary>
            Rest Request Handler.
            </summary>
        </member>
        <member name="F:Intuit.Ipp.QueryFilter.QueryService`1.responseSerializer">
            <summary>
            Response Serializer.
            </summary>
        </member>
        <member name="F:Intuit.Ipp.QueryFilter.QueryService`1.notExpressions">
            <summary>
            Collection of Not expressions.
            </summary>
        </member>
        <member name="M:Intuit.Ipp.QueryFilter.QueryService`1.#ctor(Intuit.Ipp.Core.ServiceContext)">
            <summary>
            Initializes a new instance of the QueryService class.
            </summary>
            <param name="serviceContext">The ServiceContext class.</param>
        </member>
        <member name="M:Intuit.Ipp.QueryFilter.QueryService`1.ExecuteIdsQuery(System.String,Intuit.Ipp.QueryFilter.QueryOperationType)">
            <summary>
            Executes the Ids Query and returns the response.
            </summary>
            <param name="idsQuery">The string representation of ids query.</param>
            <param name="queryOperationType">Query Operation Type. Default value is query.</param>
            <returns>ReadOnly Collection fo items of type T.</returns>
        </member>
        <member name="M:Intuit.Ipp.QueryFilter.QueryService`1.ExecuteMultipleEntityQueries``1(System.Collections.ObjectModel.ReadOnlyCollection{System.String})">
            <summary>
            Entity Service supports multiple queries within a request. Use this method to perform multiple entity query operation.
            </summary>
            <param name="queryOperationValues">The simple query language string collection.</param>
            <typeparam name="TSource">Where TSource is IEntity.</typeparam>
            <returns>Returns a collection of entities for individual simple query.</returns>
            <exception cref="T:Intuit.Ipp.Exception.InvalidParameterException">If the parameter is null or empty or exceeds a maximum of five(5) queries.</exception>
            <exception cref="T:Intuit.Ipp.Exception.ValidationException">If the query syntax is incorrect.</exception>
            <exception cref="T:Intuit.Ipp.Exception.SerializationException">If there were serialization issues with the response from the service.</exception>
            <exception cref="T:Intuit.Ipp.Exception.IdsException">When service returned with an error information.</exception>
            <example>
            Usage:
            Use the query service created and invoke the ToIdsQuery method to obtain the simple query as string.
            <code>
            string customerQueryValue = customerContext.Where(c =&gt; c.MetaData.CreateTime &gt; this.dateTime).ToIdsQuery();
            string invoiceQueryValue = invoiceContext.Select(i =&gt; new { i.Id, i.status }).ToIdsQuery();
            </code>
            Invoke the ExecuteMultipleEntityQueries method with the read only collection of the queries. This method can throw exception so surround the method with a try catch block.
            <code>
            <![CDATA[List<string> values = new List<string> { customerQueryValue, invoiceQueryValue };]]>
            try
            {
                <![CDATA[ReadOnlyCollection<ReadOnlyCollection<IEntity>> results = customerContext.ExecuteMultipleEntityQueries<IEntity>(values.AsReadOnly());]]>
                Iterate through the values obtained:
                foreach (var item in results)
                {
                    // Read the values
                }
            }
            catch(IdsException)
            {
                // Perform logic here
            }
            </code>
            </example>
        </member>
        <member name="M:Intuit.Ipp.QueryFilter.QueryService`1.Execute(Intuit.Ipp.LinqExtender.Ast.Expression,System.Boolean,System.String@)">
            <summary>
            Executes the LinqExtender expression by converting it to Ids Query and return the response.
            </summary>
            <param name="expression">The LinqExtender expression.</param>
            <param name="isToIdsQueryMethod">If true executes the ids query and returns the response else does not execute the ids query.</param>
            <param name="idsQuery">The generated ids query.</param>
            <returns>A collection of items of type T.</returns>
        </member>
        <member name="M:Intuit.Ipp.QueryFilter.QueryService`1.VisitSelectCallExpression(Intuit.Ipp.LinqExtender.Ast.SelectExpression)">
            <summary>
            Visit Select Call expression.
            </summary>
            <param name="selectExpression">Select expression.</param>
            <returns>The LinqExtender Expression.</returns>
        </member>
        <member name="M:Intuit.Ipp.QueryFilter.QueryService`1.VisitTypeExpression(Intuit.Ipp.LinqExtender.Ast.TypeExpression)">
            <summary>
            Visit Type Expression.
            </summary>
            <param name="expression">Type expression.</param>
            <returns>The LinqExtender Expression.</returns>
        </member>
        <member name="M:Intuit.Ipp.QueryFilter.QueryService`1.VisitLambdaExpression(Intuit.Ipp.LinqExtender.Ast.LambdaExpression)">
            <summary>
            Visit Lambda Expression.
            </summary>
            <param name="expression">Lambda expression.</param>
            <returns>The LinqExtender Expression.</returns>
        </member>
        <member name="M:Intuit.Ipp.QueryFilter.QueryService`1.VisitBinaryExpression(Intuit.Ipp.LinqExtender.Ast.BinaryExpression)">
            <summary>
            Visit Binary Expression.
            </summary>
            <param name="expression">Binary expression.</param>
            <returns>The LinqExtender Expression.</returns>
        </member>
        <member name="M:Intuit.Ipp.QueryFilter.QueryService`1.VisitLogicalExpression(Intuit.Ipp.LinqExtender.Ast.LogicalExpression)">
            <summary>
            Visit Logical Expression.
            </summary>
            <param name="expression">Logical expression.</param>
            <returns>The LinqExtender Expression.</returns>
        </member>
        <member name="M:Intuit.Ipp.QueryFilter.QueryService`1.VisitMemberExpression(Intuit.Ipp.LinqExtender.Ast.MemberExpression)">
            <summary>
            Visit Member Expression.
            </summary>
            <param name="expression">Member expression.</param>
            <returns>The LinqExtender Expression.</returns>
        </member>
        <member name="M:Intuit.Ipp.QueryFilter.QueryService`1.VisitLiteralExpression(Intuit.Ipp.LinqExtender.Ast.LiteralExpression)">
            <summary>
            Visit Literal Expression.
            </summary>
            <param name="expression">Literal expression.</param>
            <returns>The LinqExtender Expression.</returns>
        </member>
        <member name="M:Intuit.Ipp.QueryFilter.QueryService`1.VisitOrderbyExpression(Intuit.Ipp.LinqExtender.Ast.OrderbyExpression)">
            <summary>
            Visit OrderBy Expression.
            </summary>
            <param name="expression">OrderBy expression.</param>
            <returns>The LinqExtender Expression.</returns>
        </member>
        <member name="M:Intuit.Ipp.QueryFilter.QueryService`1.VisitMethodCallExpression(Intuit.Ipp.LinqExtender.Ast.MethodCallExpression)">
            <summary>
            Visit MethodCall Expression.
            </summary>
            <param name="methodCallExpression">MethodCall expression.</param>
            <returns>The LinqExtender Expression.</returns>
        </member>
        <member name="M:Intuit.Ipp.QueryFilter.QueryService`1.GetBinaryOperator(Intuit.Ipp.LinqExtender.BinaryOperator)">
            <summary>
            Gets the string representation of the BinaryOperator.
            </summary>
            <param name="operator">The BinaryOperator enum value.</param>
            <returns>String representation of the binary operator.</returns>
        </member>
        <member name="M:Intuit.Ipp.QueryFilter.QueryService`1.WriteLogicalOperator(Intuit.Ipp.LinqExtender.LogicalOperator)">
            <summary>
            Writes the logical operator value to the query builder.
            </summary>
            <param name="logicalOperator">The Logical Operator enum value.</param>
        </member>
        <member name="M:Intuit.Ipp.QueryFilter.QueryService`1.WriteValue(Intuit.Ipp.LinqExtender.TypeReference,System.Object)">
            <summary>
            Writes the literal value to the query builder.
            </summary>
            <param name="type">The type of the value.</param>
            <param name="value">The value of the object.</param>
        </member>
        <member name="M:Intuit.Ipp.QueryFilter.QueryService`1.StringValueOf(System.Enum)">
            <summary>
            Returns the XmlEnumAttribute name if present else returns the enum object.
            Add any specific types in switch case if needed in future
            </summary>
            <param name="value">The value of the object.</param>
        </member>
        <member name="M:Intuit.Ipp.QueryFilter.QueryService`1.GetIdsDateTimeFormat(System.Object)">
            <summary>
            Gets the string value of the date time if the parameter is of type datetime.
            </summary>
            <param name="value">The value.</param>
            <returns>String if conversion was successful or else the value itself.</returns>
        </member>
        <member name="M:Intuit.Ipp.QueryFilter.QueryService`1.IsNotUsed(System.String)">
            <summary>
            Indicates whether the property name has been used with the NOT operator.
            </summary>
            <param name="propName">Name of the property.</param>
            <returns>True if the property has been used with the NOT operator else false.</returns>
        </member>
        <member name="M:Intuit.Ipp.QueryFilter.QueryService`1.Execute(Intuit.Ipp.LinqExtender.Ast.Expression)">
            <summary>
            TODO: Update summary
            </summary>
            <param name="exprssion"></param>
            <returns></returns>
        </member>
        <member name="T:Intuit.Ipp.QueryFilter.StringExtensions">
            <summary>
            Contains extension methods for the string data type.
            </summary>
        </member>
        <member name="M:Intuit.Ipp.QueryFilter.StringExtensions.In(System.String,System.String[])">
            <summary>
            Determines whether a sequence contains a specified element by using the default equality comparer.
            </summary>
            <param name="value">A sequence in which to locate a value.</param>
            <param name="values">The value to locate in the sequence.</param>
            <returns>True if the source sequence contains an element that has the specified value otherwise, false.</returns>
        </member>
        <member name="M:Intuit.Ipp.QueryFilter.StringExtensions.RemoveWhiteSpaces(System.String)">
            <summary>
            Removes unwanted whitespaces from the string.
            </summary>
            <param name="value">The value to remove the whitespaces from.</param>
            <returns>String with single whitespace between elements.</returns>
        </member>
    </members>
</doc>
