<?xml version="1.0"?>
<doc>
    <assembly>
        <name>Intuit.Ipp.WebHooksService</name>
    </assembly>
    <members>
        <member name="T:Intuit.Ipp.WebhooksService.DataChangeEvent">
            <summary>
            DataChangeEvent class for WebhooksService
            </summary>
        </member>
        <member name="P:Intuit.Ipp.WebhooksService.DataChangeEvent.Entities">
            <summary>
            Get List of Entities from Webhooks Response 
            </summary>
        </member>
        <member name="T:Intuit.Ipp.WebhooksService.NamespaceDoc">
            <summary>
            Intuit.Ipp.WebhooksService has public methods to call Webhooks Services.
            </summary>
        </member>
        <member name="T:Intuit.Ipp.WebhooksService.Entity">
            <summary>
            Entity class for WebhooksService
            </summary>
        </member>
        <member name="P:Intuit.Ipp.WebhooksService.Entity.Name">
            <summary>
            Name member
            </summary>
        </member>
        <member name="P:Intuit.Ipp.WebhooksService.Entity.Id">
            <summary>
            Id member
            </summary>
        </member>
        <member name="P:Intuit.Ipp.WebhooksService.Entity.Operation">
            <summary>
            Operation member
            </summary>
        </member>
        <member name="P:Intuit.Ipp.WebhooksService.Entity.LastUpdated">
            <summary>
            LastUpdated member
            </summary>
        </member>
        <member name="T:Intuit.Ipp.WebhooksService.EventNotification">
            <summary>
            EventNotification class for WebhooksService
            </summary>
        </member>
        <member name="P:Intuit.Ipp.WebhooksService.EventNotification.RealmId">
            <summary>
            RealmId member
            </summary>
        </member>
        <member name="P:Intuit.Ipp.WebhooksService.EventNotification.DataChangeEvent">
            <summary>
            DataChangeEvent member
            </summary>
        </member>
        <member name="T:Intuit.Ipp.WebhooksService.IWebhooksService">
            <summary>
            This interface for WebhooksService
            </summary>
        </member>
        <member name="M:Intuit.Ipp.WebhooksService.IWebhooksService.VerifyPayload(System.String,System.String)">
            <summary>
            VerifyPayload func to verify token for Webhooks response
            </summary>
        </member>
        <member name="M:Intuit.Ipp.WebhooksService.IWebhooksService.GetWebooksEvents(System.String)">
            <summary>
            GetWebhooksEvents fucn to deserialize json response from Webhooks.
            </summary>
        </member>
        <member name="T:Intuit.Ipp.WebhooksService.WebhooksEvent">
            <summary>
            WebhooksEvent class for WebhooksService
            </summary>
        </member>
        <member name="P:Intuit.Ipp.WebhooksService.WebhooksEvent.EventNotifications">
            <summary>
            Gets list of EventNotifications
            </summary>
        </member>
        <member name="T:Intuit.Ipp.WebhooksService.WebhooksService">
            <summary>
            WebhooksService class
            </summary>
        </member>
        <member name="P:Intuit.Ipp.WebhooksService.WebhooksService.verifier">
            <summary>
            Gets or sets the Webhooks verifier Token.
            </summary>
        </member>
        <member name="P:Intuit.Ipp.WebhooksService.WebhooksService.IppConfiguration">
            <summary>
            Gets or sets the Ipp configuration.
            </summary>
        </member>
        <member name="P:Intuit.Ipp.WebhooksService.WebhooksService.VerifierToken">
            <summary>
            Gets or sets the Verifier Token configuration.
            </summary>
        </member>
        <member name="M:Intuit.Ipp.WebhooksService.WebhooksService.#ctor">
            <summary>
            Initializes a new instance of the <see cref="T:Intuit.Ipp.Core.ServiceContext"/> class.
            </summary>
        </member>
        <member name="M:Intuit.Ipp.WebhooksService.WebhooksService.VerifyPayload(System.String,System.String)">
            <summary>
            Verifies Webhooks payload against the Header's signature
            </summary>
            <returns>Returns a WebhooksEvent object.</returns>
        </member>
        <member name="M:Intuit.Ipp.WebhooksService.WebhooksService.GetWebooksEvents(System.String)">
            <summary>
            Executes a Deserialization operation for Webhooks Events payload
            </summary>        
            <returns>Returns a WebhooksEvent object.</returns>
        </member>
        <member name="M:Intuit.Ipp.WebhooksService.WebhooksService.GetVerfierToken">
            <summary>
            Get Verifier Token value from config
            </summary>
            <returns>Returns string verifier token object.</returns>
        </member>
        <member name="T:Intuit.Ipp.WebHooksService.Properties.Resources">
            <summary>
              A strongly-typed resource class, for looking up localized strings, etc.
            </summary>
        </member>
        <member name="P:Intuit.Ipp.WebHooksService.Properties.Resources.ResourceManager">
            <summary>
              Returns the cached ResourceManager instance used by this class.
            </summary>
        </member>
        <member name="P:Intuit.Ipp.WebHooksService.Properties.Resources.Culture">
            <summary>
              Overrides the current thread's CurrentUICulture property for all
              resource lookups using this strongly typed resource class.
            </summary>
        </member>
        <member name="P:Intuit.Ipp.WebHooksService.Properties.Resources.BatchIdAlreadyUsed">
            <summary>
              Looks up a localized string similar to This Batch Id is already used within this batch..
            </summary>
        </member>
        <member name="P:Intuit.Ipp.WebHooksService.Properties.Resources.BatchItemIdNotFound">
            <summary>
              Looks up a localized string similar to BatchItem having Id {0} not found for removal..
            </summary>
        </member>
        <member name="P:Intuit.Ipp.WebHooksService.Properties.Resources.batchItemsExceededMessage">
            <summary>
              Looks up a localized string similar to Number of Items in Batch Request exceeded the permissible limit of 25 items..
            </summary>
        </member>
        <member name="P:Intuit.Ipp.WebHooksService.Properties.Resources.CommunicationErrorMessage">
            <summary>
              Looks up a localized string similar to There was an error while communicating with the Ids Server..
            </summary>
        </member>
        <member name="P:Intuit.Ipp.WebHooksService.Properties.Resources.EntityConversionFailedMessage">
            <summary>
              Looks up a localized string similar to The provided entity cannot be converted to IntuitEntity object..
            </summary>
        </member>
        <member name="P:Intuit.Ipp.WebHooksService.Properties.Resources.EntityIdNotNullMessage">
            <summary>
              Looks up a localized string similar to Id of the entity cannot be null or empty..
            </summary>
        </member>
        <member name="P:Intuit.Ipp.WebHooksService.Properties.Resources.EntityString">
            <summary>
              Looks up a localized string similar to entity.
            </summary>
        </member>
        <member name="P:Intuit.Ipp.WebHooksService.Properties.Resources.ExceptionGeneratedMessage">
            <summary>
              Looks up a localized string similar to Exception has been generated: {0}.
            </summary>
        </member>
        <member name="P:Intuit.Ipp.WebHooksService.Properties.Resources.IdsLoggerNotNullMessage">
            <summary>
              Looks up a localized string similar to The Ids Logger cannot be null..
            </summary>
        </member>
        <member name="P:Intuit.Ipp.WebHooksService.Properties.Resources.IdString">
            <summary>
              Looks up a localized string similar to Id.
            </summary>
        </member>
        <member name="P:Intuit.Ipp.WebHooksService.Properties.Resources.PageNumberString">
            <summary>
              Looks up a localized string similar to pageNumber.
            </summary>
        </member>
        <member name="P:Intuit.Ipp.WebHooksService.Properties.Resources.PageSizeString">
            <summary>
              Looks up a localized string similar to pageSize.
            </summary>
        </member>
        <member name="P:Intuit.Ipp.WebHooksService.Properties.Resources.ParameterNotNullMessage">
            <summary>
              Looks up a localized string similar to Parameter cannot be null..
            </summary>
        </member>
        <member name="P:Intuit.Ipp.WebHooksService.Properties.Resources.ParameterZeroNegativeValueMessage">
            <summary>
              Looks up a localized string similar to Parameter cannot be zero or negative value..
            </summary>
        </member>
        <member name="P:Intuit.Ipp.WebHooksService.Properties.Resources.RequestValidatorNotNullMessage">
            <summary>
              Looks up a localized string similar to The Request Validator cannot be null..
            </summary>
        </member>
        <member name="P:Intuit.Ipp.WebHooksService.Properties.Resources.ResponseStreamNullOrEmptyMessage">
            <summary>
              Looks up a localized string similar to The Response Stream was null or empty..
            </summary>
        </member>
        <member name="P:Intuit.Ipp.WebHooksService.Properties.Resources.ServiceContextNotNullMessage">
            <summary>
              Looks up a localized string similar to The Service Context cannot be null..
            </summary>
        </member>
        <member name="P:Intuit.Ipp.WebHooksService.Properties.Resources.ServiceContextParameterName">
            <summary>
              Looks up a localized string similar to serviceContext.
            </summary>
        </member>
        <member name="P:Intuit.Ipp.WebHooksService.Properties.Resources.StatusNotDeleted">
            <summary>
              Looks up a localized string similar to Status not deleted. .
            </summary>
        </member>
        <member name="P:Intuit.Ipp.WebHooksService.Properties.Resources.StatusNotVoided">
            <summary>
              Looks up a localized string similar to Status not voided..
            </summary>
        </member>
        <member name="P:Intuit.Ipp.WebHooksService.Properties.Resources.StringParameterNullOrEmpty">
            <summary>
              Looks up a localized string similar to string parameter can not be null or empty..
            </summary>
        </member>
    </members>
</doc>
